start position x,start position y,end position x,end position y,angele
0,0.75,03.02, 0.63,0
0,0.75,3.75,-1.34,-0.5235987756
0,0.75,3.48,-1.56,-0.7853981634
0,0.75,2.15,-2.06,-0.7853981634
0,0.75,1.92,-2.5,-1.047197551
0,3,0.15,-1.4,-1.570796327